{
  "categories": [
    {
      "id": 0,
      "name": "bag"
    },
    {
      "id": 1,
      "name": "blister"
    },
    {
      "id": 2,
      "name": "bottle"
    },
    {
      "id": 3,
      "name": "cigarette_but"
    },
    {
      "id": 4,
      "name": "cotton"
    },
    {
      "id": 5,
      "name": "food_packing"
    },
    {
      "id": 6,
      "name": "gum"
    },
    {
      "id": 7,
      "name": "lid"
    },
    {
      "id": 8,
      "name": "plastic_cap"
    },
    {
      "id": 9,
      "name": "plastic_cup"
    },
    {
      "id": 10,
      "name": "sponge"
    }
  ],
  "info": {
    "year": 2025,
    "version": "1.0",
    "contributor": "Label Studio"
  }
}